Timestamp,EventType,Data
1778157246.2654755,screenshot,screenshot_0000.png
1778157247.3820202,key_press,key=' '
1778157247.5266218,key_press,key=' '
1778157247.6821134,key_press,key=' '
1778157247.791586,key_press,key=' '
1778157247.9515672,key_press,key='#'
1778157248.0933876,key_press,key=' '
1778157248.2241101,key_press,key='S'
1778157248.3144395,key_press,key='t'
1778157248.3920267,key_press,key='e'
1778157248.5079281,key_press,key='p'
1778157248.6472678,key_press,key=' '
1778157248.7529602,key_press,key='1'
1778157248.839933,key_press,key=':'
1778157248.9595816,key_press,key=' '
1778157249.07676,key_press,key='C'
1778157249.1599863,key_press,key='h'
1778157249.3189964,key_press,key='e'
1778157249.414964,key_press,key='c'
1778157249.5231473,key_press,key='k'
1778157249.629991,key_press,key=' '
1778157249.7216933,key_press,key='c'
1778157249.790714,key_press,key='o'
1778157249.933934,key_press,key='n'
1778157250.0655937,key_press,key='f'
1778157250.1369457,key_press,key='i'
1778157250.2884512,key_press,key='g'
1778157250.3558314,key_press,key=' '
1778157250.5097246,key_press,key='p'
1778157250.652354,key_press,key='a'
1778157250.772347,key_press,key='r'
1778157250.8711154,key_press,key='a'
1778157250.95902,key_press,key='m'
1778157251.0304563,key_press,key='e'
1778157251.09997,key_press,key='t'
1778157251.1719446,key_press,key='e'
1778157251.309376,key_press,key='r'
1778157251.309376,screenshot,screenshot_0001.png
1778157251.918835,key_press,key=' '
1778157251.981286,key_press,key=' '
1778157252.061223,key_press,key=' '
1778157252.1507773,key_press,key=' '
1778157252.2349825,key_press,key='p'
1778157252.3369966,key_press,key='a'
1778157252.4926798,key_press,key='t'
1778157252.6312075,key_press,key='h'
1778157252.7095973,key_press,key=' '
1778157252.8052292,key_press,key='='
1778157252.9110272,key_press,key=' '
1778157253.0592072,key_press,key='o'
1778157253.1855228,key_press,key='s'
1778157253.3169131,key_press,key='.'
1778157253.466557,key_press,key='p'
1778157253.5755277,key_press,key='a'
1778157253.6449602,key_press,key='t'
1778157253.8025568,key_press,key='h'
1778157253.8996658,key_press,key='.'
1778157254.037077,key_press,key='j'
1778157254.1766493,key_press,key='o'
1778157254.236945,key_press,key='i'
1778157254.318372,key_press,key='n'
1778157254.4148188,key_press,key='('
1778157254.537879,key_press,key='''
1778157254.5978897,key_press,key='s'
1778157254.7268653,key_press,key='r'
1778157254.8762908,key_press,key='c'
1778157254.9650242,key_press,key='''
1778157255.1049826,key_press,"key=','"
1778157255.2384725,key_press,key=' '
1778157255.3041828,key_press,key='''
1778157255.411255,key_press,key='c'
1778157255.5172513,key_press,key='o'
1778157255.6410582,key_press,key='n'
1778157255.7890484,key_press,key='f'
1778157255.860773,key_press,key='i'
1778157256.0200145,key_press,key='g'
1778157256.1067457,key_press,key='.'
1778157256.2329378,key_press,key='j'
1778157256.3375514,key_press,key='s'
1778157256.3983064,key_press,key='o'
1778157256.5479643,key_press,key='n'
1778157256.7053597,key_press,key='''
1778157256.8449519,key_press,key=')'
1778157256.8449519,screenshot,screenshot_0002.png
1778157257.5028977,key_press,key=' '
1778157257.5708811,key_press,key=' '
1778157257.6869361,key_press,key=' '
1778157257.8395796,key_press,key=' '
1778157257.957458,key_press,key='i'
1778157258.0913055,key_press,key='f'
1778157258.191636,key_press,key=' '
1778157258.2930677,key_press,key='o'
1778157258.433078,key_press,key='s'
1778157258.5812438,key_press,key='.'
1778157258.7322917,key_press,key='p'
1778157258.841339,key_press,key='a'
1778157258.9430895,key_press,key='t'
1778157259.062535,key_press,key='h'
1778157259.1938045,key_press,key='.'
1778157259.3004065,key_press,key='e'
1778157259.4154828,key_press,key='x'
1778157259.5297751,key_press,key='i'
1778157259.6042187,key_press,key='s'
1778157259.6817772,key_press,key='t'
1778157259.7913673,key_press,key='s'
1778157259.922194,key_press,key='('
1778157260.019504,key_press,key='p'
1778157260.1640818,key_press,key='a'
1778157260.3098266,key_press,key='t'
1778157260.4436681,key_press,key='h'
1778157260.5804393,key_press,key=')'
1778157260.6736743,key_press,key=':'
1778157260.6736743,screenshot,screenshot_0003.png
1778157261.2701066,key_press,key=' '
1778157261.3724995,key_press,key=' '
1778157261.4416249,key_press,key=' '
1778157261.5271065,key_press,key=' '
1778157261.5887215,key_press,key=' '
1778157261.7445416,key_press,key=' '
1778157261.8982983,key_press,key=' '
1778157261.9803357,key_press,key=' '
1778157262.1312363,key_press,key='p'
1778157262.2794518,key_press,key='r'
1778157262.373855,key_press,key='i'
1778157262.4406989,key_press,key='n'
1778157262.5142612,key_press,key='t'
1778157262.6602218,key_press,key='('
1778157262.7249012,key_press,key='''
1778157262.8550248,key_press,key='C'
1778157262.956839,key_press,key='o'
1778157263.0687892,key_press,key='n'
1778157263.199788,key_press,key='f'
1778157263.2763515,key_press,key='i'
1778157263.3825235,key_press,key='g'
1778157263.5304108,key_press,key='u'
1778157263.674083,key_press,key='r'
1778157263.8126748,key_press,key='a'
1778157263.8805926,key_press,key='t'
1778157264.0177178,key_press,key='i'
1778157264.1086068,key_press,key='o'
1778157264.2135901,key_press,key='n'
1778157264.284798,key_press,key=' '
1778157264.4027734,key_press,key='l'
1778157264.4834213,key_press,key='o'
1778157264.5847998,key_press,key='a'
1778157264.7424235,key_press,key='d'
1778157264.8639703,key_press,key='e'
1778157264.979064,key_press,key='d'
1778157265.0767884,key_press,key=' '
1778157265.2060077,key_press,key='s'
1778157265.3443537,key_press,key='u'
1778157265.430446,key_press,key='c'
1778157265.5282984,key_press,key='c'
1778157265.6270905,key_press,key='e'
1778157265.7502067,key_press,key='s'
1778157265.8232808,key_press,key='s'
1778157265.9506733,key_press,key='f'
1778157266.0248356,key_press,key='u'
1778157266.1317174,key_press,key='l'
1778157266.2112648,key_press,key='l'
1778157266.275012,key_press,key='y'
1778157266.369764,key_press,key='.'
1778157266.4469924,key_press,key='''
1778157266.5614731,key_press,key=')'
1778157266.5614731,screenshot,screenshot_0004.png
1778157267.111473,mouse_move,"x=800, y=500"
1778157267.161473,mouse_move,"x=799, y=483"
1778157267.211473,mouse_move,"x=785, y=459"
1778157267.261473,mouse_move,"x=761, y=430"
1778157267.311473,mouse_move,"x=731, y=397"
1778157267.3614728,mouse_move,"x=697, y=363"
1778157267.4114728,mouse_move,"x=664, y=330"
1778157267.4614727,mouse_move,"x=634, y=298"
1778157267.5114727,mouse_move,"x=612, y=271"
1778157267.5614727,mouse_move,"x=600, y=250"
1778157267.6614726,mouse_click,"x=600, y=250, button=Button.left, pressed=True"
1778157267.7114725,mouse_click,"x=600, y=250, button=Button.left, pressed=False"
1778157267.7114725,screenshot,screenshot_0005.png
